grupo,candidato,desviacion_publicada_pct,puntuacion_final,parametro,tipo,dura,valor_pedido,valor_candidata,desviacion_parametro_pct,cercania_o_coincidencia,contribucion_a_bruto
SYN-0052,SYN-0054,3.9,1.0,tipo_equipo,categorico,True,aerocondensador_vapor,aerocondensador_vapor,,,
SYN-0052,SYN-0054,3.9,1.0,fluido_lado_tubo,categorico,True,vapor_de_agua,vapor_de_agua,,,
SYN-0052,SYN-0054,3.9,1.0,fluido_lado_exterior,categorico,True,aire,aire,,,
SYN-0052,SYN-0054,3.9,1.0,presion_diseno,numerico,True,3.59,3.45,3.9,0.93,0.0423
SYN-0052,SYN-0054,3.9,1.0,temperatura_diseno,numerico,True,136.7,141.2,3.29,0.8683,0.0395
SYN-0052,SYN-0054,3.9,1.0,material_tubos,categorico,True,G4_inox_austenitico_con_Mo,G4_inox_austenitico_con_Mo,,,
SYN-0052,SYN-0054,3.9,1.0,material_aletas,categorico,True,GA1_aluminio,GA1_aluminio,,,
SYN-0052,SYN-0054,3.9,1.0,codigo_diseno,categorico,True,AD_Merkblaetter_AD2000,AD_Merkblaetter_AD2000,,,
SYN-0052,SYN-0054,3.9,1.0,potencia_termica,numerico,False,3078.7151162790697,2311.0,24.94,0.5013,0.0228
SYN-0052,SYN-0054,3.9,1.0,caudal_lado_tubo,numerico,False,12509.0,6503.0,48.01,0.0397,0.0018
SYN-0052,SYN-0054,3.9,1.0,temperatura_entrada_lado_tubo,numerico,False,73.0,83.9,14.93,0.4027,0.0183
SYN-0052,SYN-0054,3.9,1.0,presion_operacion_lado_tubo,numerico,False,2.76,1.91,30.8,0.0,0.0
SYN-0052,SYN-0054,3.9,1.0,superficie_aletada,numerico,False,670.5,472.3,29.56,0.4088,0.0186
SYN-0052,SYN-0054,3.9,1.0,longitud_tubo,numerico,False,6205.0,6563.0,5.77,0.8077,0.0367
SYN-0052,SYN-0054,3.9,1.0,ancho_haz,numerico,False,2229.0,2371.0,6.37,0.7876,0.0358
SYN-0052,SYN-0054,3.9,1.0,numero_filas_tubos,numerico,False,6.0,5.0,16.67,0.5,0.0227
SYN-0052,SYN-0054,3.9,1.0,diametro_exterior_tubo,categorico,False,25.4,25.4,,1.0,0.0714
SYN-0052,SYN-0054,3.9,1.0,espesor_tubo,categorico,False,2.41,2.41,,1.0,0.0714
SYN-0052,SYN-0054,3.9,1.0,separacion_aletas,categorico,False,3.2,2.5,,0.0,0.0
SYN-0052,SYN-0054,3.9,1.0,diametro_aleta,categorico,False,55x26_rectangular,45,,0.0,0.0
SYN-0052,SYN-0054,3.9,1.0,conexiones_rating,categorico,False,PN25,PN16,,1.0,0.0714
SYN-0052,SYN-0054,3.9,1.0,union_tubo_placa,categorico,False,soldada,soldada,,1.0,0.0714
SYN-0052,SYN-0054,3.9,1.0,normativa_marcado,categorico,False,PED_2014_68_UE,PED_97_23_CE,,1.0,0.0714
SYN-0052,SYN-0054,3.9,1.0,temperatura_entrada_aire,numerico,False,40.0,25.3,36.75,0.0,0.0
SYN-0052,SYN-0092,44.29,0.6458497315185373,tipo_equipo,categorico,True,aerocondensador_vapor,aerocondensador_vapor,,,
SYN-0052,SYN-0092,44.29,0.6458497315185373,fluido_lado_tubo,categorico,True,vapor_de_agua,vapor_de_agua,,,
SYN-0052,SYN-0092,44.29,0.6458497315185373,fluido_lado_exterior,categorico,True,aire,aire,,,
SYN-0052,SYN-0092,44.29,0.6458497315185373,presion_diseno,numerico,True,3.59,2.0,44.29,0.205,0.0093
SYN-0052,SYN-0092,44.29,0.6458497315185373,temperatura_diseno,numerico,True,136.7,108.8,20.41,0.1836,0.0083
SYN-0052,SYN-0092,44.29,0.6458497315185373,material_tubos,categorico,True,G4_inox_austenitico_con_Mo,G4_inox_austenitico_con_Mo,,,
SYN-0052,SYN-0092,44.29,0.6458497315185373,material_aletas,categorico,True,GA1_aluminio,GA1_aluminio,,,
SYN-0052,SYN-0092,44.29,0.6458497315185373,codigo_diseno,categorico,True,AD_Merkblaetter_AD2000,AD_Merkblaetter_AD2000,,,
SYN-0052,SYN-0092,44.29,0.6458497315185373,potencia_termica,numerico,False,3078.7151162790697,402.9,86.91,0.0,0.0
SYN-0052,SYN-0092,44.29,0.6458497315185373,caudal_lado_tubo,numerico,False,12509.0,895.0,92.85,0.0,0.0
SYN-0052,SYN-0092,44.29,0.6458497315185373,temperatura_entrada_lado_tubo,numerico,False,73.0,77.1,5.62,0.7753,0.0352
SYN-0052,SYN-0092,44.29,0.6458497315185373,presion_operacion_lado_tubo,numerico,False,2.76,1.3,52.9,0.0,0.0
SYN-0052,SYN-0092,44.29,0.6458497315185373,superficie_aletada,numerico,False,670.5,93.2,86.1,0.0,0.0
SYN-0052,SYN-0092,44.29,0.6458497315185373,longitud_tubo,numerico,False,6205.0,1969.0,68.27,0.0,0.0
SYN-0052,SYN-0092,44.29,0.6458497315185373,ancho_haz,numerico,False,2229.0,1022.0,54.15,0.0,0.0
SYN-0052,SYN-0092,44.29,0.6458497315185373,numero_filas_tubos,numerico,False,6.0,3.0,50.0,0.0,0.0
SYN-0052,SYN-0092,44.29,0.6458497315185373,diametro_exterior_tubo,categorico,False,25.4,25.4,,1.0,0.0714
SYN-0052,SYN-0092,44.29,0.6458497315185373,espesor_tubo,categorico,False,2.41,2.41,,1.0,0.0714
SYN-0052,SYN-0092,44.29,0.6458497315185373,separacion_aletas,categorico,False,3.2,2.3,,0.0,0.0
SYN-0052,SYN-0092,44.29,0.6458497315185373,diametro_aleta,categorico,False,55x26_rectangular,55x26_rectangular,,1.0,0.0714
SYN-0052,SYN-0092,44.29,0.6458497315185373,conexiones_rating,categorico,False,PN25,PN25,,1.0,0.0714
SYN-0052,SYN-0092,44.29,0.6458497315185373,union_tubo_placa,categorico,False,soldada,soldada,,1.0,0.0714
SYN-0052,SYN-0092,44.29,0.6458497315185373,normativa_marcado,categorico,False,PED_2014_68_UE,PED_2014_68_UE,,1.0,0.0714
SYN-0052,SYN-0092,44.29,0.6458497315185373,temperatura_entrada_aire,numerico,False,40.0,19.5,51.25,0.0,0.0
SYN-0052,SYN-0090,44.27,0.4482005762511514,tipo_equipo,categorico,True,aerocondensador_vapor,aerocondensador_vapor,,,
SYN-0052,SYN-0090,44.27,0.4482005762511514,fluido_lado_tubo,categorico,True,vapor_de_agua,vapor_de_agua,,,
SYN-0052,SYN-0090,44.27,0.4482005762511514,fluido_lado_exterior,categorico,True,aire,aire,,,
SYN-0052,SYN-0090,44.27,0.4482005762511514,presion_diseno,numerico,True,3.59,2.0005884083553984,44.27,0.2053,0.0093
SYN-0052,SYN-0090,44.27,0.4482005762511514,temperatura_diseno,numerico,True,136.7,108.8,20.41,0.1836,0.0083
SYN-0052,SYN-0090,44.27,0.4482005762511514,material_tubos,categorico,True,G4_inox_austenitico_con_Mo,G4_inox_austenitico_con_Mo,,,
SYN-0052,SYN-0090,44.27,0.4482005762511514,material_aletas,categorico,True,GA1_aluminio,GA1_aluminio,,,
SYN-0052,SYN-0090,44.27,0.4482005762511514,codigo_diseno,categorico,True,AD_Merkblaetter_AD2000,AD_Merkblaetter_AD2000,,,
SYN-0052,SYN-0090,44.27,0.4482005762511514,potencia_termica,numerico,False,3078.7151162790697,17126.7,456.29,0.0,0.0
SYN-0052,SYN-0090,44.27,0.4482005762511514,caudal_lado_tubo,numerico,False,12509.0,68795.0,449.96,0.0,0.0
SYN-0052,SYN-0090,44.27,0.4482005762511514,temperatura_entrada_lado_tubo,numerico,False,73.0,72.0,1.37,0.9452,0.043
SYN-0052,SYN-0090,44.27,0.4482005762511514,presion_operacion_lado_tubo,numerico,False,2.76,1.4317936648033733,48.12,0.0,0.0
SYN-0052,SYN-0090,44.27,0.4482005762511514,superficie_aletada,numerico,False,670.5,3874.0,477.78,0.0,0.0
SYN-0052,SYN-0090,44.27,0.4482005762511514,longitud_tubo,numerico,False,6205.0,10327.0,66.43,0.0,0.0
SYN-0052,SYN-0090,44.27,0.4482005762511514,ancho_haz,numerico,False,2229.0,3825.0,71.6,0.0,0.0
SYN-0052,SYN-0090,44.27,0.4482005762511514,numero_filas_tubos,numerico,False,6.0,9.0,50.0,0.0,0.0
SYN-0052,SYN-0090,44.27,0.4482005762511514,diametro_exterior_tubo,categorico,False,25.4,25.4,,1.0,0.0714
SYN-0052,SYN-0090,44.27,0.4482005762511514,espesor_tubo,categorico,False,2.41,2.41,,1.0,0.0714
SYN-0052,SYN-0090,44.27,0.4482005762511514,separacion_aletas,categorico,False,3.2,2.8,,0.0,0.0
SYN-0052,SYN-0090,44.27,0.4482005762511514,diametro_aleta,categorico,False,55x26_rectangular,57,,0.0,0.0
SYN-0052,SYN-0090,44.27,0.4482005762511514,conexiones_rating,categorico,False,PN25,PN16,,1.0,0.0714
SYN-0052,SYN-0090,44.27,0.4482005762511514,union_tubo_placa,categorico,False,soldada,soldada,,1.0,0.0714
SYN-0052,SYN-0090,44.27,0.4482005762511514,normativa_marcado,categorico,False,PED_2014_68_UE,PED_97_23_CE,,1.0,0.0714
SYN-0052,SYN-0090,44.27,0.4482005762511514,temperatura_entrada_aire,numerico,False,40.0,5.9,85.25,0.0,0.0
SYN-0052,SYN-0053,4.1,0.2431384678765104,tipo_equipo,categorico,True,aerocondensador_vapor,aerocondensador_vapor,,,
SYN-0052,SYN-0053,4.1,0.2431384678765104,fluido_lado_tubo,categorico,True,vapor_de_agua,vapor_de_agua,,,
SYN-0052,SYN-0053,4.1,0.2431384678765104,fluido_lado_exterior,categorico,True,aire,aire,,,
SYN-0052,SYN-0053,4.1,0.2431384678765104,presion_diseno,numerico,True,3.59,3.49,2.79,0.95,0.0432
SYN-0052,SYN-0053,4.1,0.2431384678765104,temperatura_diseno,numerico,True,136.7,131.1,4.1,0.8361,0.038
SYN-0052,SYN-0053,4.1,0.2431384678765104,material_tubos,categorico,True,G4_inox_austenitico_con_Mo,G4_inox_austenitico_con_Mo,,,
SYN-0052,SYN-0053,4.1,0.2431384678765104,material_aletas,categorico,True,GA1_aluminio,GA1_aluminio,,,
SYN-0052,SYN-0053,4.1,0.2431384678765104,codigo_diseno,categorico,True,AD_Merkblaetter_AD2000,AD_Merkblaetter_AD2000,,,
SYN-0052,SYN-0053,4.1,0.2431384678765104,potencia_termica,numerico,False,3078.7151162790697,215.5,93.0,0.0,0.0
SYN-0052,SYN-0053,4.1,0.2431384678765104,caudal_lado_tubo,numerico,False,12509.0,546.0,95.64,0.0,0.0
SYN-0052,SYN-0053,4.1,0.2431384678765104,temperatura_entrada_lado_tubo,numerico,False,73.0,73.7,0.96,0.9616,0.0437
SYN-0052,SYN-0053,4.1,0.2431384678765104,presion_operacion_lado_tubo,numerico,False,2.76,2.16,21.74,0.2754,0.0125
SYN-0052,SYN-0053,4.1,0.2431384678765104,superficie_aletada,numerico,False,670.5,50.0,92.54,0.0,0.0
SYN-0052,SYN-0053,4.1,0.2431384678765104,longitud_tubo,numerico,False,6205.0,944.0,84.79,0.0,0.0
SYN-0052,SYN-0053,4.1,0.2431384678765104,ancho_haz,numerico,False,2229.0,600.0,73.08,0.0,0.0
SYN-0052,SYN-0053,4.1,0.2431384678765104,numero_filas_tubos,numerico,False,6.0,2.0,66.67,0.0,0.0
SYN-0052,SYN-0053,4.1,0.2431384678765104,diametro_exterior_tubo,categorico,False,25.4,25.4,,1.0,0.0714
SYN-0052,SYN-0053,4.1,0.2431384678765104,espesor_tubo,categorico,False,2.41,2.11,,0.0,0.0
SYN-0052,SYN-0053,4.1,0.2431384678765104,separacion_aletas,categorico,False,3.2,2.3,,0.0,0.0
SYN-0052,SYN-0053,4.1,0.2431384678765104,diametro_aleta,categorico,False,55x26_rectangular,70,,0.0,0.0
SYN-0052,SYN-0053,4.1,0.2431384678765104,conexiones_rating,categorico,False,PN25,PN16,,1.0,0.0714
SYN-0052,SYN-0053,4.1,0.2431384678765104,union_tubo_placa,categorico,False,soldada,soldada,,1.0,0.0714
SYN-0052,SYN-0053,4.1,0.2431384678765104,normativa_marcado,categorico,False,PED_2014_68_UE,articulo_3_3,,0.0,0.0
SYN-0052,SYN-0053,4.1,0.2431384678765104,temperatura_entrada_aire,numerico,False,40.0,15.7,60.75,0.0,0.0
SYN-0052,SYN-0091,47.27,0.20659708312257619,tipo_equipo,categorico,True,aerocondensador_vapor,aerocondensador_vapor,,,
SYN-0052,SYN-0091,47.27,0.20659708312257619,fluido_lado_tubo,categorico,True,vapor_de_agua,vapor_de_agua,,,
SYN-0052,SYN-0091,47.27,0.20659708312257619,fluido_lado_exterior,categorico,True,aire,aire,,,
SYN-0052,SYN-0091,47.27,0.20659708312257619,presion_diseno,numerico,True,3.59,5.287,47.27,0.1515,0.0069
SYN-0052,SYN-0091,47.27,0.20659708312257619,temperatura_diseno,numerico,True,136.7,108.8,20.41,0.1836,0.0083
SYN-0052,SYN-0091,47.27,0.20659708312257619,material_tubos,categorico,True,G4_inox_austenitico_con_Mo,G4_inox_austenitico_con_Mo,,,
SYN-0052,SYN-0091,47.27,0.20659708312257619,material_aletas,categorico,True,GA1_aluminio,GA1_aluminio,,,
SYN-0052,SYN-0091,47.27,0.20659708312257619,codigo_diseno,categorico,True,AD_Merkblaetter_AD2000,AD_Merkblaetter_AD2000,,,
SYN-0052,SYN-0091,47.27,0.20659708312257619,potencia_termica,numerico,False,3078.7151162790697,264.4,91.41,0.0,0.0
SYN-0052,SYN-0091,47.27,0.20659708312257619,caudal_lado_tubo,numerico,False,12509.0,695.0,94.44,0.0,0.0
SYN-0052,SYN-0091,47.27,0.20659708312257619,temperatura_entrada_lado_tubo,numerico,False,73.0,70.4,3.56,0.8575,0.039
SYN-0052,SYN-0091,47.27,0.20659708312257619,presion_operacion_lado_tubo,numerico,False,2.76,3.6370000000000005,31.78,0.0,0.0
SYN-0052,SYN-0091,47.27,0.20659708312257619,superficie_aletada,numerico,False,670.5,79.5,88.14,0.0,0.0
SYN-0052,SYN-0091,47.27,0.20659708312257619,longitud_tubo,numerico,False,6205.0,1840.0,70.35,0.0,0.0
SYN-0052,SYN-0091,47.27,0.20659708312257619,ancho_haz,numerico,False,2229.0,888.0,60.16,0.0,0.0
SYN-0052,SYN-0091,47.27,0.20659708312257619,numero_filas_tubos,numerico,False,6.0,3.0,50.0,0.0,0.0
SYN-0052,SYN-0091,47.27,0.20659708312257619,diametro_exterior_tubo,categorico,False,25.4,25.4,,1.0,0.0714
SYN-0052,SYN-0091,47.27,0.20659708312257619,espesor_tubo,categorico,False,2.41,2.41,,1.0,0.0714
SYN-0052,SYN-0091,47.27,0.20659708312257619,separacion_aletas,categorico,False,3.2,2.8,,0.0,0.0
SYN-0052,SYN-0091,47.27,0.20659708312257619,diametro_aleta,categorico,False,55x26_rectangular,45,,0.0,0.0
SYN-0052,SYN-0091,47.27,0.20659708312257619,conexiones_rating,categorico,False,PN25,PN16,,1.0,0.0714
SYN-0052,SYN-0091,47.27,0.20659708312257619,union_tubo_placa,categorico,False,soldada,soldada,,1.0,0.0714
SYN-0052,SYN-0091,47.27,0.20659708312257619,normativa_marcado,categorico,False,PED_2014_68_UE,articulo_3_3,,0.0,0.0
SYN-0052,SYN-0091,47.27,0.20659708312257619,temperatura_entrada_aire,numerico,False,40.0,9.6,76.0,0.0,0.0
SYN-0052,SYN-0089,47.35,0.08543040633941162,tipo_equipo,categorico,True,aerocondensador_vapor,aerocondensador_vapor,,,
SYN-0052,SYN-0089,47.35,0.08543040633941162,fluido_lado_tubo,categorico,True,vapor_de_agua,vapor_de_agua,,,
SYN-0052,SYN-0089,47.35,0.08543040633941162,fluido_lado_exterior,categorico,True,aire,aire,,,
SYN-0052,SYN-0089,47.35,0.08543040633941162,presion_diseno,numerico,True,3.59,5.29,47.35,0.15,0.0068
SYN-0052,SYN-0089,47.35,0.08543040633941162,temperatura_diseno,numerico,True,136.7,108.8,20.41,0.1836,0.0083
SYN-0052,SYN-0089,47.35,0.08543040633941162,material_tubos,categorico,True,G4_inox_austenitico_con_Mo,G4_inox_austenitico_con_Mo,,,
SYN-0052,SYN-0089,47.35,0.08543040633941162,material_aletas,categorico,True,GA1_aluminio,GA1_aluminio,,,
SYN-0052,SYN-0089,47.35,0.08543040633941162,codigo_diseno,categorico,True,AD_Merkblaetter_AD2000,AD_Merkblaetter_AD2000,,,
SYN-0052,SYN-0089,47.35,0.08543040633941162,potencia_termica,numerico,False,3078.7151162790697,31919.6,936.78,0.0,0.0
SYN-0052,SYN-0089,47.35,0.08543040633941162,caudal_lado_tubo,numerico,False,12509.0,150000.0,1099.14,0.0,0.0
SYN-0052,SYN-0089,47.35,0.08543040633941162,temperatura_entrada_lado_tubo,numerico,False,73.0,91.7,25.62,0.0,0.0
SYN-0052,SYN-0089,47.35,0.08543040633941162,presion_operacion_lado_tubo,numerico,False,2.76,3.92,42.03,0.0,0.0
SYN-0052,SYN-0089,47.35,0.08543040633941162,superficie_aletada,numerico,False,670.5,5260.4,684.55,0.0,0.0
SYN-0052,SYN-0089,47.35,0.08543040633941162,longitud_tubo,numerico,False,6205.0,12400.0,99.84,0.0,0.0
SYN-0052,SYN-0089,47.35,0.08543040633941162,ancho_haz,numerico,False,2229.0,4000.0,79.45,0.0,0.0
SYN-0052,SYN-0089,47.35,0.08543040633941162,numero_filas_tubos,numerico,False,6.0,10.0,66.67,0.0,0.0
SYN-0052,SYN-0089,47.35,0.08543040633941162,diametro_exterior_tubo,categorico,False,25.4,25.4,,1.0,0.0714
SYN-0052,SYN-0089,47.35,0.08543040633941162,espesor_tubo,categorico,False,2.41,1.2,,0.0,0.0
SYN-0052,SYN-0089,47.35,0.08543040633941162,separacion_aletas,categorico,False,3.2,3.0,,0.0,0.0
SYN-0052,SYN-0089,47.35,0.08543040633941162,diametro_aleta,categorico,False,55x26_rectangular,57,,0.0,0.0
SYN-0052,SYN-0089,47.35,0.08543040633941162,conexiones_rating,categorico,False,PN25,PN10,,1.0,0.0714
SYN-0052,SYN-0089,47.35,0.08543040633941162,union_tubo_placa,categorico,False,soldada,soldada,,1.0,0.0714
SYN-0052,SYN-0089,47.35,0.08543040633941162,normativa_marcado,categorico,False,PED_2014_68_UE,PED_2014_68_UE,,1.0,0.0714
SYN-0052,SYN-0089,47.35,0.08543040633941162,temperatura_entrada_aire,numerico,False,40.0,10.1,74.75,0.0,0.0
SYN-0052,SYN-0088,47.35,0.0,tipo_equipo,categorico,True,aerocondensador_vapor,aerocondensador_vapor,,,
SYN-0052,SYN-0088,47.35,0.0,fluido_lado_tubo,categorico,True,vapor_de_agua,vapor_de_agua,,,
SYN-0052,SYN-0088,47.35,0.0,fluido_lado_exterior,categorico,True,aire,aire,,,
SYN-0052,SYN-0088,47.35,0.0,presion_diseno,numerico,True,3.59,5.29,47.35,0.15,0.0068
SYN-0052,SYN-0088,47.35,0.0,temperatura_diseno,numerico,True,136.7,108.8,20.41,0.1836,0.0083
SYN-0052,SYN-0088,47.35,0.0,material_tubos,categorico,True,G4_inox_austenitico_con_Mo,G4_inox_austenitico_con_Mo,,,
SYN-0052,SYN-0088,47.35,0.0,material_aletas,categorico,True,GA1_aluminio,GA1_aluminio,,,
SYN-0052,SYN-0088,47.35,0.0,codigo_diseno,categorico,True,AD_Merkblaetter_AD2000,AD_Merkblaetter_AD2000,,,
SYN-0052,SYN-0088,47.35,0.0,potencia_termica,numerico,False,3078.7151162790697,246.2,92.0,0.0,0.0
SYN-0052,SYN-0088,47.35,0.0,caudal_lado_tubo,numerico,False,12509.0,592.0,95.27,0.0,0.0
SYN-0052,SYN-0088,47.35,0.0,temperatura_entrada_lado_tubo,numerico,False,73.0,66.9,8.36,0.6658,0.0303
SYN-0052,SYN-0088,47.35,0.0,presion_operacion_lado_tubo,numerico,False,2.76,4.07,47.46,0.0,0.0
SYN-0052,SYN-0088,47.35,0.0,superficie_aletada,numerico,False,670.5,66.1,90.14,0.0,0.0
SYN-0052,SYN-0088,47.35,0.0,longitud_tubo,numerico,False,6205.0,1090.0,82.43,0.0,0.0
SYN-0052,SYN-0088,47.35,0.0,ancho_haz,numerico,False,2229.0,739.0,66.85,0.0,0.0
SYN-0052,SYN-0088,47.35,0.0,numero_filas_tubos,numerico,False,6.0,2.0,66.67,0.0,0.0
SYN-0052,SYN-0088,47.35,0.0,diametro_exterior_tubo,categorico,False,25.4,38.1,,0.0,0.0
SYN-0052,SYN-0088,47.35,0.0,espesor_tubo,categorico,False,2.41,1.2,,0.0,0.0
SYN-0052,SYN-0088,47.35,0.0,separacion_aletas,categorico,False,3.2,2.8,,0.0,0.0
SYN-0052,SYN-0088,47.35,0.0,diametro_aleta,categorico,False,55x26_rectangular,70,,0.0,0.0
SYN-0052,SYN-0088,47.35,0.0,conexiones_rating,categorico,False,PN25,PN25,,1.0,0.0714
SYN-0052,SYN-0088,47.35,0.0,union_tubo_placa,categorico,False,soldada,soldada,,1.0,0.0714
SYN-0052,SYN-0088,47.35,0.0,normativa_marcado,categorico,False,PED_2014_68_UE,PED_2014_68_UE,,1.0,0.0714
SYN-0052,SYN-0088,47.35,0.0,temperatura_entrada_aire,numerico,False,40.0,33.0,17.5,0.3,0.0136
SYN-0041,SYN-0042,2.07,1.0,tipo_equipo,categorico,True,aerorrefrigerante_agua,aerorrefrigerante_agua,,,
SYN-0041,SYN-0042,2.07,1.0,fluido_lado_tubo,categorico,True,agua,agua,,,
SYN-0041,SYN-0042,2.07,1.0,fluido_lado_exterior,categorico,True,aire,aire,,,
SYN-0041,SYN-0042,2.07,1.0,presion_diseno,numerico,True,2.9,2.84,2.07,0.97,0.0441
SYN-0041,SYN-0042,2.07,1.0,temperatura_diseno,numerico,True,266.6,264.9,0.64,0.9745,0.0443
SYN-0041,SYN-0042,2.07,1.0,material_tubos,categorico,True,G4_inox_austenitico_con_Mo,G4_inox_austenitico_con_Mo,,,
SYN-0041,SYN-0042,2.07,1.0,material_aletas,categorico,True,GA2_acero_galvanizado,GA2_acero_galvanizado,,,
SYN-0041,SYN-0042,2.07,1.0,codigo_diseno,categorico,True,AD_Merkblaetter_AD2000,AD_Merkblaetter_AD2000,,,
SYN-0041,SYN-0042,2.07,1.0,potencia_termica,numerico,False,2691.5,16961.1,530.17,0.0,0.0
SYN-0041,SYN-0042,2.07,1.0,caudal_lado_tubo,numerico,False,10337.0,78201.0,656.52,0.0,0.0
SYN-0041,SYN-0042,2.07,1.0,temperatura_entrada_lado_tubo,numerico,False,182.0,227.6,25.05,0.0,0.0
SYN-0041,SYN-0042,2.07,1.0,presion_operacion_lado_tubo,numerico,False,2.11,1.52,27.96,0.0679,0.0031
SYN-0041,SYN-0042,2.07,1.0,superficie_aletada,numerico,False,620.1,3890.1,527.33,0.0,0.0
SYN-0041,SYN-0042,2.07,1.0,longitud_tubo,numerico,False,6390.0,11006.0,72.24,0.0,0.0
SYN-0041,SYN-0042,2.07,1.0,ancho_haz,numerico,False,2121.0,3737.0,76.19,0.0,0.0
SYN-0041,SYN-0042,2.07,1.0,numero_filas_tubos,numerico,False,6.0,9.0,50.0,0.0,0.0
SYN-0041,SYN-0042,2.07,1.0,diametro_exterior_tubo,categorico,False,38.1,38.1,,1.0,0.0714
SYN-0041,SYN-0042,2.07,1.0,espesor_tubo,categorico,False,1.2,1.2,,1.0,0.0714
SYN-0041,SYN-0042,2.07,1.0,separacion_aletas,categorico,False,2.8,2.8,,1.0,0.0714
SYN-0041,SYN-0042,2.07,1.0,diametro_aleta,categorico,False,45,57,,0.0,0.0
SYN-0041,SYN-0042,2.07,1.0,conexiones_rating,categorico,False,PN10,PN10,,1.0,0.0714
SYN-0041,SYN-0042,2.07,1.0,union_tubo_placa,categorico,False,soldada,soldada,,1.0,0.0714
SYN-0041,SYN-0042,2.07,1.0,normativa_marcado,categorico,False,PED_2014_68_UE,PED_97_23_CE,,1.0,0.0714
SYN-0041,SYN-0042,2.07,1.0,temperatura_entrada_aire,numerico,False,15.5,8.3,46.45,0.28,0.0127
SYN-0041,SYN-0044,4.65,0.8878707864588327,tipo_equipo,categorico,True,aerorrefrigerante_agua,aerorrefrigerante_agua,,,
SYN-0041,SYN-0044,4.65,0.8878707864588327,fluido_lado_tubo,categorico,True,agua,agua,,,
SYN-0041,SYN-0044,4.65,0.8878707864588327,fluido_lado_exterior,categorico,True,aire,aire,,,
SYN-0041,SYN-0044,4.65,0.8878707864588327,presion_diseno,numerico,True,2.9,2.8047464940668823,3.28,0.9524,0.0433
SYN-0041,SYN-0044,4.65,0.8878707864588327,temperatura_diseno,numerico,True,266.6,279.0,4.65,0.814,0.037
SYN-0041,SYN-0044,4.65,0.8878707864588327,material_tubos,categorico,True,G4_inox_austenitico_con_Mo,G4_inox_austenitico_con_Mo,,,
SYN-0041,SYN-0044,4.65,0.8878707864588327,material_aletas,categorico,True,GA2_acero_galvanizado,GA2_acero_galvanizado,,,
SYN-0041,SYN-0044,4.65,0.8878707864588327,codigo_diseno,categorico,True,AD_Merkblaetter_AD2000,AD_Merkblaetter_AD2000,,,
SYN-0041,SYN-0044,4.65,0.8878707864588327,potencia_termica,numerico,False,2691.5,459.4,82.93,0.0,0.0
SYN-0041,SYN-0044,4.65,0.8878707864588327,caudal_lado_tubo,numerico,False,10337.0,1149.0,88.88,0.0,0.0
SYN-0041,SYN-0044,4.65,0.8878707864588327,temperatura_entrada_lado_tubo,numerico,False,182.0,141.2,22.42,0.1033,0.0047
SYN-0041,SYN-0044,4.65,0.8878707864588327,presion_operacion_lado_tubo,numerico,False,2.11,2.010395214278709,4.72,0.8426,0.0383
SYN-0041,SYN-0044,4.65,0.8878707864588327,superficie_aletada,numerico,False,620.1,105.0,83.07,0.0,0.0
SYN-0041,SYN-0044,4.65,0.8878707864588327,longitud_tubo,numerico,False,6390.0,3031.0,52.57,0.0,0.0
SYN-0041,SYN-0044,4.65,0.8878707864588327,ancho_haz,numerico,False,2121.0,1203.0,43.28,0.0,0.0
SYN-0041,SYN-0044,4.65,0.8878707864588327,numero_filas_tubos,numerico,False,6.0,3.0,50.0,0.0,0.0
SYN-0041,SYN-0044,4.65,0.8878707864588327,diametro_exterior_tubo,categorico,False,38.1,25.4,,0.0,0.0
SYN-0041,SYN-0044,4.65,0.8878707864588327,espesor_tubo,categorico,False,1.2,3.05_BWG10,,0.0,0.0
SYN-0041,SYN-0044,4.65,0.8878707864588327,separacion_aletas,categorico,False,2.8,2.8,,1.0,0.0714
SYN-0041,SYN-0044,4.65,0.8878707864588327,diametro_aleta,categorico,False,45,45,,1.0,0.0714
SYN-0041,SYN-0044,4.65,0.8878707864588327,conexiones_rating,categorico,False,PN10,PN16,,1.0,0.0714
SYN-0041,SYN-0044,4.65,0.8878707864588327,union_tubo_placa,categorico,False,soldada,soldada,,1.0,0.0714
SYN-0041,SYN-0044,4.65,0.8878707864588327,normativa_marcado,categorico,False,PED_2014_68_UE,PED_97_23_CE,,1.0,0.0714
SYN-0041,SYN-0044,4.65,0.8878707864588327,temperatura_entrada_aire,numerico,False,15.5,8.4,45.81,0.29,0.0132
SYN-0041,SYN-0046,5.52,0.8375713792262721,tipo_equipo,categorico,True,aerorrefrigerante_agua,aerorrefrigerante_agua,,,
SYN-0041,SYN-0046,5.52,0.8375713792262721,fluido_lado_tubo,categorico,True,agua,agua,,,
SYN-0041,SYN-0046,5.52,0.8375713792262721,fluido_lado_exterior,categorico,True,aire,aire,,,
SYN-0041,SYN-0046,5.52,0.8375713792262721,presion_diseno,numerico,True,2.9,3.06,5.52,0.92,0.046
SYN-0041,SYN-0046,5.52,0.8375713792262721,temperatura_diseno,numerico,True,266.6,265.1,0.56,0.9775,0.0489
SYN-0041,SYN-0046,5.52,0.8375713792262721,material_tubos,categorico,True,G4_inox_austenitico_con_Mo,G4_inox_austenitico_con_Mo,,,
SYN-0041,SYN-0046,5.52,0.8375713792262721,material_aletas,categorico,True,GA2_acero_galvanizado,GA2_acero_galvanizado,,,
SYN-0041,SYN-0046,5.52,0.8375713792262721,codigo_diseno,categorico,True,AD_Merkblaetter_AD2000,AD_Merkblaetter_AD2000,,,
SYN-0041,SYN-0046,5.52,0.8375713792262721,potencia_termica,numerico,False,2691.5,3976.4,47.74,0.0452,0.0023
SYN-0041,SYN-0046,5.52,0.8375713792262721,temperatura_entrada_lado_tubo,numerico,False,182.0,185.1,1.7,0.9319,0.0466
SYN-0041,SYN-0046,5.52,0.8375713792262721,presion_operacion_lado_tubo,numerico,False,2.11,1.94,8.06,0.7314,0.0366
SYN-0041,SYN-0046,5.52,0.8375713792262721,superficie_aletada,numerico,False,620.1,966.9,55.93,0.0,0.0
SYN-0041,SYN-0046,5.52,0.8375713792262721,longitud_tubo,numerico,False,6390.0,8855.0,38.58,0.0,0.0
SYN-0041,SYN-0046,5.52,0.8375713792262721,ancho_haz,numerico,False,2121.0,2357.0,11.13,0.6291,0.0315
SYN-0041,SYN-0046,5.52,0.8375713792262721,numero_filas_tubos,numerico,False,6.0,6.0,0.0,1.0,0.05
SYN-0041,SYN-0046,5.52,0.8375713792262721,diametro_exterior_tubo,categorico,False,38.1,25.4,,0.0,0.0
SYN-0041,SYN-0046,5.52,0.8375713792262721,espesor_tubo,categorico,False,1.2,2.41,,0.0,0.0
SYN-0041,SYN-0046,5.52,0.8375713792262721,separacion_aletas,categorico,False,2.8,3.0,,0.0,0.0
SYN-0041,SYN-0046,5.52,0.8375713792262721,diametro_aleta,categorico,False,45,57,,0.0,0.0
SYN-0041,SYN-0046,5.52,0.8375713792262721,conexiones_rating,categorico,False,PN10,PN16,,1.0,0.0714
SYN-0041,SYN-0046,5.52,0.8375713792262721,union_tubo_placa,categorico,False,soldada,soldada,,1.0,0.0714
SYN-0041,SYN-0046,5.52,0.8375713792262721,normativa_marcado,categorico,False,PED_2014_68_UE,PED_97_23_CE,,1.0,0.0714
SYN-0041,SYN-0046,5.52,0.8375713792262721,temperatura_entrada_aire,numerico,False,15.5,25.7,65.81,0.0,0.0
SYN-0041,SYN-0079,58.62,0.6670200924733644,tipo_equipo,categorico,True,aerorrefrigerante_agua,aerorrefrigerante_agua,,,
SYN-0041,SYN-0079,58.62,0.6670200924733644,fluido_lado_tubo,categorico,True,agua,agua,,,
SYN-0041,SYN-0079,58.62,0.6670200924733644,fluido_lado_exterior,categorico,True,aire,aire,,,
SYN-0041,SYN-0079,58.62,0.6670200924733644,presion_diseno,numerico,True,2.9,4.6,58.62,0.15,0.0068
SYN-0041,SYN-0079,58.62,0.6670200924733644,temperatura_diseno,numerico,True,266.6,322.9,21.12,0.1553,0.0071
SYN-0041,SYN-0079,58.62,0.6670200924733644,material_tubos,categorico,True,G4_inox_austenitico_con_Mo,G4_inox_austenitico_con_Mo,,,
SYN-0041,SYN-0079,58.62,0.6670200924733644,material_aletas,categorico,True,GA2_acero_galvanizado,GA2_acero_galvanizado,,,
SYN-0041,SYN-0079,58.62,0.6670200924733644,codigo_diseno,categorico,True,AD_Merkblaetter_AD2000,AD_Merkblaetter_AD2000,,,
SYN-0041,SYN-0079,58.62,0.6670200924733644,potencia_termica,numerico,False,2691.5,234.67906976744186,91.28,0.0,0.0
SYN-0041,SYN-0079,58.62,0.6670200924733644,caudal_lado_tubo,numerico,False,10337.0,569.0,94.5,0.0,0.0
SYN-0041,SYN-0079,58.62,0.6670200924733644,temperatura_entrada_lado_tubo,numerico,False,182.0,182.0,0.0,1.0,0.0455
SYN-0041,SYN-0079,58.62,0.6670200924733644,presion_operacion_lado_tubo,numerico,False,2.11,3.58,69.67,0.0,0.0
SYN-0041,SYN-0079,58.62,0.6670200924733644,superficie_aletada,numerico,False,620.1,50.6,91.84,0.0,0.0
SYN-0041,SYN-0079,58.62,0.6670200924733644,longitud_tubo,numerico,False,6390.0,1012.0,84.16,0.0,0.0
SYN-0041,SYN-0079,58.62,0.6670200924733644,ancho_haz,numerico,False,2121.0,724.0,65.87,0.0,0.0
SYN-0041,SYN-0079,58.62,0.6670200924733644,numero_filas_tubos,numerico,False,6.0,2.0,66.67,0.0,0.0
SYN-0041,SYN-0079,58.62,0.6670200924733644,diametro_exterior_tubo,categorico,False,38.1,25.4,,0.0,0.0
SYN-0041,SYN-0079,58.62,0.6670200924733644,espesor_tubo,categorico,False,1.2,1.2,,1.0,0.0714
SYN-0041,SYN-0079,58.62,0.6670200924733644,separacion_aletas,categorico,False,2.8,2.5,,0.0,0.0
SYN-0041,SYN-0079,58.62,0.6670200924733644,diametro_aleta,categorico,False,45,45,,1.0,0.0714
SYN-0041,SYN-0079,58.62,0.6670200924733644,conexiones_rating,categorico,False,PN10,PN16,,1.0,0.0714
SYN-0041,SYN-0079,58.62,0.6670200924733644,union_tubo_placa,categorico,False,soldada,soldada,,1.0,0.0714
SYN-0041,SYN-0079,58.62,0.6670200924733644,normativa_marcado,categorico,False,PED_2014_68_UE,PED_97_23_CE,,1.0,0.0714
SYN-0041,SYN-0079,58.62,0.6670200924733644,temperatura_entrada_aire,numerico,False,15.5,30.9,99.35,0.0,0.0
SYN-0041,SYN-0043,6.86,0.664978430238427,tipo_equipo,categorico,True,aerorrefrigerante_agua,aerorrefrigerante_agua,,,
SYN-0041,SYN-0043,6.86,0.664978430238427,fluido_lado_tubo,categorico,True,agua,agua,,,
SYN-0041,SYN-0043,6.86,0.664978430238427,fluido_lado_exterior,categorico,True,aire,aire,,,
SYN-0041,SYN-0043,6.86,0.664978430238427,presion_diseno,numerico,True,2.9,2.81,3.1,0.955,0.0434
SYN-0041,SYN-0043,6.86,0.664978430238427,temperatura_diseno,numerico,True,266.6,284.9,6.86,0.7254,0.033
SYN-0041,SYN-0043,6.86,0.664978430238427,material_tubos,categorico,True,G4_inox_austenitico_con_Mo,G4_inox_austenitico_con_Mo,,,
SYN-0041,SYN-0043,6.86,0.664978430238427,material_aletas,categorico,True,GA2_acero_galvanizado,GA2_acero_galvanizado,,,
SYN-0041,SYN-0043,6.86,0.664978430238427,codigo_diseno,categorico,True,AD_Merkblaetter_AD2000,AD_Merkblaetter_AD2000,,,
SYN-0041,SYN-0043,6.86,0.664978430238427,potencia_termica,numerico,False,2691.5,8500.6,215.83,0.0,0.0
SYN-0041,SYN-0043,6.86,0.664978430238427,caudal_lado_tubo,numerico,False,10337.0,26852.0,159.77,0.0,0.0
SYN-0041,SYN-0043,6.86,0.664978430238427,temperatura_entrada_lado_tubo,numerico,False,182.0,197.0,8.24,0.6703,0.0305
SYN-0041,SYN-0043,6.86,0.664978430238427,presion_operacion_lado_tubo,numerico,False,2.11,1.8,14.69,0.5103,0.0232
SYN-0041,SYN-0043,6.86,0.664978430238427,superficie_aletada,numerico,False,620.1,1612.5,160.04,0.0,0.0
SYN-0041,SYN-0043,6.86,0.664978430238427,longitud_tubo,numerico,False,6390.0,9534.0,49.2,0.0,0.0
SYN-0041,SYN-0043,6.86,0.664978430238427,ancho_haz,numerico,False,2121.0,3081.0,45.26,0.0,0.0
SYN-0041,SYN-0043,6.86,0.664978430238427,numero_filas_tubos,numerico,False,6.0,9.0,50.0,0.0,0.0
SYN-0041,SYN-0043,6.86,0.664978430238427,diametro_exterior_tubo,categorico,False,38.1,38.1,,1.0,0.0714
SYN-0041,SYN-0043,6.86,0.664978430238427,espesor_tubo,categorico,False,1.2,3.05_BWG10,,0.0,0.0
SYN-0041,SYN-0043,6.86,0.664978430238427,separacion_aletas,categorico,False,2.8,3.2,,0.0,0.0
SYN-0041,SYN-0043,6.86,0.664978430238427,diametro_aleta,categorico,False,45,70,,0.0,0.0
SYN-0041,SYN-0043,6.86,0.664978430238427,conexiones_rating,categorico,False,PN10,PN10,,1.0,0.0714
SYN-0041,SYN-0043,6.86,0.664978430238427,union_tubo_placa,categorico,False,soldada,soldada,,1.0,0.0714
SYN-0041,SYN-0043,6.86,0.664978430238427,normativa_marcado,categorico,False,PED_2014_68_UE,PED_97_23_CE,,1.0,0.0714
SYN-0041,SYN-0043,6.86,0.664978430238427,temperatura_entrada_aire,numerico,False,15.5,34.3,121.29,0.0,0.0
SYN-0041,SYN-0078,31.03,0.5800478310072309,tipo_equipo,categorico,True,aerorrefrigerante_agua,aerorrefrigerante_agua,,,
SYN-0041,SYN-0078,31.03,0.5800478310072309,fluido_lado_tubo,categorico,True,agua,agua,,,
SYN-0041,SYN-0078,31.03,0.5800478310072309,fluido_lado_exterior,categorico,True,aire,aire,,,
SYN-0041,SYN-0078,31.03,0.5800478310072309,presion_diseno,numerico,True,2.9,2.0,31.03,0.55,0.025
SYN-0041,SYN-0078,31.03,0.5800478310072309,temperatura_diseno,numerico,True,266.6,322.9,21.12,0.1553,0.0071
SYN-0041,SYN-0078,31.03,0.5800478310072309,material_tubos,categorico,True,G4_inox_austenitico_con_Mo,G4_inox_austenitico_con_Mo,,,
SYN-0041,SYN-0078,31.03,0.5800478310072309,material_aletas,categorico,True,GA2_acero_galvanizado,GA2_acero_galvanizado,,,
SYN-0041,SYN-0078,31.03,0.5800478310072309,codigo_diseno,categorico,True,AD_Merkblaetter_AD2000,AD_Merkblaetter_AD2000,,,
SYN-0041,SYN-0078,31.03,0.5800478310072309,potencia_termica,numerico,False,2691.5,294.8,89.05,0.0,0.0
SYN-0041,SYN-0078,31.03,0.5800478310072309,caudal_lado_tubo,numerico,False,10337.0,862.0,91.66,0.0,0.0
SYN-0041,SYN-0078,31.03,0.5800478310072309,temperatura_entrada_lado_tubo,numerico,False,182.0,178.9,1.7,0.9319,0.0424
SYN-0041,SYN-0078,31.03,0.5800478310072309,presion_operacion_lado_tubo,numerico,False,2.11,1.75,17.06,0.4313,0.0196
SYN-0041,SYN-0078,31.03,0.5800478310072309,superficie_aletada,numerico,False,620.1,77.5,87.5,0.0,0.0
SYN-0041,SYN-0078,31.03,0.5800478310072309,longitud_tubo,numerico,False,6390.0,1433.0,77.57,0.0,0.0
SYN-0041,SYN-0078,31.03,0.5800478310072309,ancho_haz,numerico,False,2121.0,724.0,65.87,0.0,0.0
SYN-0041,SYN-0078,31.03,0.5800478310072309,numero_filas_tubos,numerico,False,6.0,2.0,66.67,0.0,0.0
SYN-0041,SYN-0078,31.03,0.5800478310072309,diametro_exterior_tubo,categorico,False,38.1,25.4,,0.0,0.0
SYN-0041,SYN-0078,31.03,0.5800478310072309,espesor_tubo,categorico,False,1.2,1.2,,1.0,0.0714
SYN-0041,SYN-0078,31.03,0.5800478310072309,separacion_aletas,categorico,False,2.8,2.5,,0.0,0.0
SYN-0041,SYN-0078,31.03,0.5800478310072309,diametro_aleta,categorico,False,45,45,,1.0,0.0714
SYN-0041,SYN-0078,31.03,0.5800478310072309,conexiones_rating,categorico,False,PN10,PN25,,1.0,0.0714
SYN-0041,SYN-0078,31.03,0.5800478310072309,union_tubo_placa,categorico,False,soldada,soldada,,1.0,0.0714
SYN-0041,SYN-0078,31.03,0.5800478310072309,normativa_marcado,categorico,False,PED_2014_68_UE,articulo_3_3,,0.0,0.0
SYN-0041,SYN-0078,31.03,0.5800478310072309,temperatura_entrada_aire,numerico,False,15.5,24.1,55.48,0.14,0.0064
SYN-0041,SYN-0045,2.59,0.3767772756699707,tipo_equipo,categorico,True,aerorrefrigerante_agua,aerorrefrigerante_agua,,,
SYN-0041,SYN-0045,2.59,0.3767772756699707,fluido_lado_tubo,categorico,True,agua,agua,,,
SYN-0041,SYN-0045,2.59,0.3767772756699707,fluido_lado_exterior,categorico,True,aire,aire,,,
SYN-0041,SYN-0045,2.59,0.3767772756699707,presion_diseno,numerico,True,2.9,2.87,1.03,0.985,0.0448
SYN-0041,SYN-0045,2.59,0.3767772756699707,temperatura_diseno,numerico,True,266.6,273.5,2.59,0.8965,0.0407
SYN-0041,SYN-0045,2.59,0.3767772756699707,material_tubos,categorico,True,G4_inox_austenitico_con_Mo,G4_inox_austenitico_con_Mo,,,
SYN-0041,SYN-0045,2.59,0.3767772756699707,material_aletas,categorico,True,GA2_acero_galvanizado,GA2_acero_galvanizado,,,
SYN-0041,SYN-0045,2.59,0.3767772756699707,codigo_diseno,categorico,True,AD_Merkblaetter_AD2000,AD_Merkblaetter_AD2000,,,
SYN-0041,SYN-0045,2.59,0.3767772756699707,potencia_termica,numerico,False,2691.5,33000.0,1126.08,0.0,0.0
SYN-0041,SYN-0045,2.59,0.3767772756699707,caudal_lado_tubo,numerico,False,10337.0,127759.0,1135.94,0.0,0.0
SYN-0041,SYN-0045,2.59,0.3767772756699707,temperatura_entrada_lado_tubo,numerico,False,182.0,244.3,34.23,0.0,0.0
SYN-0041,SYN-0045,2.59,0.3767772756699707,presion_operacion_lado_tubo,numerico,False,2.11,2.53,19.91,0.3365,0.0153
SYN-0041,SYN-0045,2.59,0.3767772756699707,superficie_aletada,numerico,False,620.1,5068.2,717.32,0.0,0.0
SYN-0041,SYN-0045,2.59,0.3767772756699707,longitud_tubo,numerico,False,6390.0,12400.0,94.05,0.0,0.0
SYN-0041,SYN-0045,2.59,0.3767772756699707,ancho_haz,numerico,False,2121.0,4000.0,88.59,0.0,0.0
SYN-0041,SYN-0045,2.59,0.3767772756699707,numero_filas_tubos,numerico,False,6.0,10.0,66.67,0.0,0.0
SYN-0041,SYN-0045,2.59,0.3767772756699707,diametro_exterior_tubo,categorico,False,38.1,25.4,,0.0,0.0
SYN-0041,SYN-0045,2.59,0.3767772756699707,espesor_tubo,categorico,False,1.2,3.05_BWG10,,0.0,0.0
SYN-0041,SYN-0045,2.59,0.3767772756699707,separacion_aletas,categorico,False,2.8,2.8,,1.0,0.0714
SYN-0041,SYN-0045,2.59,0.3767772756699707,diametro_aleta,categorico,False,45,57,,0.0,0.0
SYN-0041,SYN-0045,2.59,0.3767772756699707,conexiones_rating,categorico,False,PN10,PN25,,1.0,0.0714
SYN-0041,SYN-0045,2.59,0.3767772756699707,union_tubo_placa,categorico,False,soldada,expandida_soldada,,0.0,0.0
SYN-0041,SYN-0045,2.59,0.3767772756699707,normativa_marcado,categorico,False,PED_2014_68_UE,PED_2014_68_UE,,1.0,0.0714
SYN-0041,SYN-0045,2.59,0.3767772756699707,temperatura_entrada_aire,numerico,False,15.5,5.0,67.74,0.0,0.0
SYN-0041,SYN-0081,58.62,0.3563923821705883,tipo_equipo,categorico,True,aerorrefrigerante_agua,aerorrefrigerante_agua,,,
SYN-0041,SYN-0081,58.62,0.3563923821705883,fluido_lado_tubo,categorico,True,agua,agua,,,
SYN-0041,SYN-0081,58.62,0.3563923821705883,fluido_lado_exterior,categorico,True,aire,aire,,,
SYN-0041,SYN-0081,58.62,0.3563923821705883,presion_diseno,numerico,True,2.9,4.6,58.62,0.15,0.0068
SYN-0041,SYN-0081,58.62,0.3563923821705883,temperatura_diseno,numerico,True,266.6,322.9,21.12,0.1553,0.0071
SYN-0041,SYN-0081,58.62,0.3563923821705883,material_tubos,categorico,True,G4_inox_austenitico_con_Mo,G4_inox_austenitico_con_Mo,,,
SYN-0041,SYN-0081,58.62,0.3563923821705883,material_aletas,categorico,True,GA2_acero_galvanizado,GA2_acero_galvanizado,,,
SYN-0041,SYN-0081,58.62,0.3563923821705883,codigo_diseno,categorico,True,AD_Merkblaetter_AD2000,AD_Merkblaetter_AD2000,,,
SYN-0041,SYN-0081,58.62,0.3563923821705883,potencia_termica,numerico,False,2691.5,204.9,92.39,0.0,0.0
SYN-0041,SYN-0081,58.62,0.3563923821705883,caudal_lado_tubo,numerico,False,10337.0,586.0,94.33,0.0,0.0
SYN-0041,SYN-0081,58.62,0.3563923821705883,temperatura_entrada_lado_tubo,numerico,False,182.0,219.1,20.38,0.1846,0.0084
SYN-0041,SYN-0081,58.62,0.3563923821705883,presion_operacion_lado_tubo,numerico,False,2.11,3.84,81.99,0.0,0.0
SYN-0041,SYN-0081,58.62,0.3563923821705883,superficie_aletada,numerico,False,620.1,51.7,91.66,0.0,0.0
SYN-0041,SYN-0081,58.62,0.3563923821705883,longitud_tubo,numerico,False,6390.0,1146.0,82.07,0.0,0.0
SYN-0041,SYN-0081,58.62,0.3563923821705883,ancho_haz,numerico,False,2121.0,631.0,70.25,0.0,0.0
SYN-0041,SYN-0081,58.62,0.3563923821705883,numero_filas_tubos,numerico,False,6.0,2.0,66.67,0.0,0.0
SYN-0041,SYN-0081,58.62,0.3563923821705883,diametro_exterior_tubo,categorico,False,38.1,25.4,,0.0,0.0
SYN-0041,SYN-0081,58.62,0.3563923821705883,espesor_tubo,categorico,False,1.2,3.05_BWG10,,0.0,0.0
SYN-0041,SYN-0081,58.62,0.3563923821705883,separacion_aletas,categorico,False,2.8,2.8,,1.0,0.0714
SYN-0041,SYN-0081,58.62,0.3563923821705883,diametro_aleta,categorico,False,45,70,,0.0,0.0
SYN-0041,SYN-0081,58.62,0.3563923821705883,conexiones_rating,categorico,False,PN10,PN10,,1.0,0.0714
SYN-0041,SYN-0081,58.62,0.3563923821705883,union_tubo_placa,categorico,False,soldada,soldada,,1.0,0.0714
SYN-0041,SYN-0081,58.62,0.3563923821705883,normativa_marcado,categorico,False,PED_2014_68_UE,PED_2014_68_UE,,1.0,0.0714
SYN-0041,SYN-0081,58.62,0.3563923821705883,temperatura_entrada_aire,numerico,False,15.5,30.7,98.06,0.0,0.0
SYN-0041,SYN-0082,31.03,0.23587397909869634,tipo_equipo,categorico,True,aerorrefrigerante_agua,aerorrefrigerante_agua,,,
SYN-0041,SYN-0082,31.03,0.23587397909869634,fluido_lado_tubo,categorico,True,agua,agua,,,
SYN-0041,SYN-0082,31.03,0.23587397909869634,fluido_lado_exterior,categorico,True,aire,aire,,,
SYN-0041,SYN-0082,31.03,0.23587397909869634,presion_diseno,numerico,True,2.9,2.0,31.03,0.55,0.025
SYN-0041,SYN-0082,31.03,0.23587397909869634,temperatura_diseno,numerico,True,266.6,322.9,21.12,0.1553,0.0071
SYN-0041,SYN-0082,31.03,0.23587397909869634,material_tubos,categorico,True,G4_inox_austenitico_con_Mo,G4_inox_austenitico_con_Mo,,,
SYN-0041,SYN-0082,31.03,0.23587397909869634,material_aletas,categorico,True,GA2_acero_galvanizado,GA2_acero_galvanizado,,,
SYN-0041,SYN-0082,31.03,0.23587397909869634,codigo_diseno,categorico,True,AD_Merkblaetter_AD2000,AD_Merkblaetter_AD2000,,,
SYN-0041,SYN-0082,31.03,0.23587397909869634,potencia_termica,numerico,False,2691.5,319.9,88.11,0.0,0.0
SYN-0041,SYN-0082,31.03,0.23587397909869634,caudal_lado_tubo,numerico,False,10337.0,765.0,92.6,0.0,0.0
SYN-0041,SYN-0082,31.03,0.23587397909869634,temperatura_entrada_lado_tubo,numerico,False,182.0,289.3,58.96,0.0,0.0
SYN-0041,SYN-0082,31.03,0.23587397909869634,presion_operacion_lado_tubo,numerico,False,2.11,1.04,50.71,0.0,0.0
SYN-0041,SYN-0082,31.03,0.23587397909869634,superficie_aletada,numerico,False,620.1,61.8,90.03,0.0,0.0
SYN-0041,SYN-0082,31.03,0.23587397909869634,longitud_tubo,numerico,False,6390.0,1607.0,74.85,0.0,0.0
SYN-0041,SYN-0082,31.03,0.23587397909869634,ancho_haz,numerico,False,2121.0,814.0,61.62,0.0,0.0
SYN-0041,SYN-0082,31.03,0.23587397909869634,numero_filas_tubos,numerico,False,6.0,3.0,50.0,0.0,0.0
SYN-0041,SYN-0082,31.03,0.23587397909869634,diametro_exterior_tubo,categorico,False,38.1,25.4,,0.0,0.0
SYN-0041,SYN-0082,31.03,0.23587397909869634,espesor_tubo,categorico,False,1.2,3.05_BWG10,,0.0,0.0
SYN-0041,SYN-0082,31.03,0.23587397909869634,separacion_aletas,categorico,False,2.8,2.1,,0.0,0.0
SYN-0041,SYN-0082,31.03,0.23587397909869634,diametro_aleta,categorico,False,45,55x26_rectangular,,0.0,0.0
SYN-0041,SYN-0082,31.03,0.23587397909869634,conexiones_rating,categorico,False,PN10,PN10,,1.0,0.0714
SYN-0041,SYN-0082,31.03,0.23587397909869634,union_tubo_placa,categorico,False,soldada,soldada,,1.0,0.0714
SYN-0041,SYN-0082,31.03,0.23587397909869634,normativa_marcado,categorico,False,PED_2014_68_UE,PED_97_23_CE,,1.0,0.0714
SYN-0041,SYN-0082,31.03,0.23587397909869634,temperatura_entrada_aire,numerico,False,15.5,9.8,36.77,0.43,0.0195
SYN-0041,SYN-0080,58.62,0.0,tipo_equipo,categorico,True,aerorrefrigerante_agua,aerorrefrigerante_agua,,,
SYN-0041,SYN-0080,58.62,0.0,fluido_lado_tubo,categorico,True,agua,agua,,,
SYN-0041,SYN-0080,58.62,0.0,fluido_lado_exterior,categorico,True,aire,aire,,,
SYN-0041,SYN-0080,58.62,0.0,presion_diseno,numerico,True,2.9,4.6,58.62,0.15,0.0068
SYN-0041,SYN-0080,58.62,0.0,temperatura_diseno,numerico,True,266.6,322.9,21.12,0.1553,0.0071
SYN-0041,SYN-0080,58.62,0.0,material_tubos,categorico,True,G4_inox_austenitico_con_Mo,G4_inox_austenitico_con_Mo,,,
SYN-0041,SYN-0080,58.62,0.0,material_aletas,categorico,True,GA2_acero_galvanizado,GA2_acero_galvanizado,,,
SYN-0041,SYN-0080,58.62,0.0,codigo_diseno,categorico,True,AD_Merkblaetter_AD2000,AD_Merkblaetter_AD2000,,,
SYN-0041,SYN-0080,58.62,0.0,potencia_termica,numerico,False,2691.5,374.4,86.09,0.0,0.0
SYN-0041,SYN-0080,58.62,0.0,caudal_lado_tubo,numerico,False,10337.0,803.0,92.23,0.0,0.0
SYN-0041,SYN-0080,58.62,0.0,temperatura_entrada_lado_tubo,numerico,False,182.0,163.3,10.27,0.589,0.0268
SYN-0041,SYN-0080,58.62,0.0,presion_operacion_lado_tubo,numerico,False,2.11,3.02,43.13,0.0,0.0
SYN-0041,SYN-0080,58.62,0.0,superficie_aletada,numerico,False,620.1,73.7,88.11,0.0,0.0
SYN-0041,SYN-0080,58.62,0.0,longitud_tubo,numerico,False,6390.0,2168.0,66.07,0.0,0.0
SYN-0041,SYN-0080,58.62,0.0,ancho_haz,numerico,False,2121.0,1036.0,51.16,0.0,0.0
SYN-0041,SYN-0080,58.62,0.0,numero_filas_tubos,numerico,False,6.0,3.0,50.0,0.0,0.0
SYN-0041,SYN-0080,58.62,0.0,diametro_exterior_tubo,categorico,False,38.1,25.4,,0.0,0.0
SYN-0041,SYN-0080,58.62,0.0,espesor_tubo,categorico,False,1.2,3.05_BWG10,,0.0,0.0
SYN-0041,SYN-0080,58.62,0.0,separacion_aletas,categorico,False,2.8,3.2,,0.0,0.0
SYN-0041,SYN-0080,58.62,0.0,diametro_aleta,categorico,False,45,55x26_rectangular,,0.0,0.0
SYN-0041,SYN-0080,58.62,0.0,conexiones_rating,categorico,False,PN10,PN10,,1.0,0.0714
SYN-0041,SYN-0080,58.62,0.0,union_tubo_placa,categorico,False,soldada,expansionada,,0.0,0.0
SYN-0041,SYN-0080,58.62,0.0,normativa_marcado,categorico,False,PED_2014_68_UE,PED_2014_68_UE,,1.0,0.0714
SYN-0041,SYN-0080,58.62,0.0,temperatura_entrada_aire,numerico,False,15.5,25.6,65.16,0.0,0.0
